Song Title,Performer(s),Places Mentioned in Text,Place Performed/Recorded,Place Published,Date Recorded/ Composed,Collector(s),Source,Source Publication Date,File Name/Location,English Translation,Comments
La chinaca,"Longoria, Manuela",,"Brownsville, Texas",,"April 29,1939","Lomax, John A. (John Avery),
Lomax, Ruby T. (Ruby Terrill) ",The Library of Congress Celebrates the Songs of America / John and Ruby Lomax 1939 Southern States Recording Trip,,https://www.loc.gov/item/lomaxbib000641/,,"Venue: Home of Manuela Longoria; Collector's genre note: ""Confederate song"""
La culebra,"Longoria, Manuela",,"Brownsville, Texas",,"April 29,1939","Lomax, John A. (John Avery),
Lomax, Ruby T. (Ruby Terrill) ",The Library of Congress Celebrates the Songs of America / John and Ruby Lomax 1939 Southern States Recording Trip,,https://www.loc.gov/item/lomaxbib000642/,,Venue: Home of Manuela Longoria
La culebra,"Longoria, Manuela",,"Brownsville, Texas",,"April 29,1939","Lomax, John A. (John Avery),
Lomax, Ruby T. (Ruby Terrill) ",The Library of Congress Celebrates the Songs of America / John and Ruby Lomax 1939 Southern States Recording Trip,,https://www.loc.gov/item/lomaxbib000643/,,"Venue: Home of Manuela Longoria; collector's genre note: ""narrative song"""
Venimos de Matamoros,"Suarez, José",,"Brownsville, Texas",,"April 26, 1939","Lomax, John A. (John Avery),
Lomax, Ruby T. (Ruby Terrill) ",The Library of Congress Celebrates the Songs of America / John and Ruby Lomax 1939 Southern States Recording Trip,,https://www.loc.gov/item/lomaxbib000074/,,"-  Venue: Home of J.K. Wells
-  Corrido about the Mexican revolution and revolutionary Aniceto Pizaña
-  Americo Paredes wrote about this ballad in Folklore and Culture on the Texas-Mexican Border (1995)."
El Corrido de José Mosqueda,"Suarez, José",,"Brownsville, Texas",,"April 26, 1939","Lomax, John A. (John Avery),
Lomax, Ruby T. (Ruby Terrill) ",The Library of Congress Celebrates the Songs of America / John and Ruby Lomax 1939 Southern States Recording Trip,,https://www.loc.gov/item/lomaxbib000075/,,"-  Venue: Home of J.K. Wells
-  Americo Paredes wrote about this ballad in Folklore and Culture on the Texas-Mexican Border (1995).
-  Song was initally incorrectly identified as La batalla del ojo de agua"
Corrido del soldado,"Suarez, José",,"Brownsville, Texas",,"April 26, 1939","Lomax, John A. (John Avery),
Lomax, Ruby T. (Ruby Terrill) ",The Library of Congress Celebrates the Songs of America / John and Ruby Lomax 1939 Southern States Recording Trip,,https://www.loc.gov/item/lomaxbib000674/,,- Venue: Home of J.K. Wells
Corrido de las elecciones de Brownsville,"Suarez, José; Wells, Joe K.","Brownsville, Texas","Brownsville, Texas",,"April 26, 1939","Lomax, John A. (John Avery),
Lomax, Ruby T. (Ruby Terrill) ",The Library of Congress Celebrates the Songs of America / John and Ruby Lomax 1939 Southern States Recording Trip,,https://www.loc.gov/item/lomaxbib000675/,,- Venue: Home of J.K. Wells
Corrido villésta de la toma de Matamoros,"Suarez, José",,"Brownsville, Texas",,"April 26, 1939","Lomax, John A. (John Avery),
Lomax, Ruby T. (Ruby Terrill) ",The Library of Congress Celebrates the Songs of America / John and Ruby Lomax 1939 Southern States Recording Trip,,https://www.loc.gov/item/lomaxbib000616/,,- Venue: Home of J.K. Wells
Corrido de Leandro Rivera,"Hernandez, Atanviro",,"""near"" Brownsville, Texas",,"April 27,1939","Lomax, John A. (John Avery),
Lomax, Ruby T. (Ruby Terrill) ",The Library of Congress Celebrates the Songs of America / John and Ruby Lomax 1939 Southern States Recording Trip,,https://www.loc.gov/item/lomaxbib000080/,,"-  Venue: Blalock School
-  Collector's genre note: ""tragic narrative""
-  Performer referred to elsewhere as Atanacio Hernandez"
Camino de San Antonio,"Arajo, Jose",,"""near"" Brownsville, Texas",,"April 27,1939","Lomax, John A. (John Avery),
Lomax, Ruby T. (Ruby Terrill) ",The Library of Congress Celebrates the Songs of America / John and Ruby Lomax 1939 Southern States Recording Trip,,https://www.loc.gov/item/lomaxbib000621/,,- Venue: Blalock School; - Student at Blalock School
El toro moro (Part 2 of 2),"Goodwyn, Frank",,"Falfurrias, Texas",,"April 28,1939","Lomax, John A. (John Avery),
Lomax, Ruby T. (Ruby Terrill) ",The Library of Congress Celebrates the Songs of America / John and Ruby Lomax 1939 Southern States Recording Trip,,https://www.loc.gov/item/lomaxbib000085/,,"- Collector's genre note: ""vaqueri ballad""; - Venue: Galeanaz Tourist Camp"
El toro moro,"Goodwyn, Frank",,"Falfurrias, Texas",,"April 28,1939","Lomax, John A. (John Avery),
Lomax, Ruby T. (Ruby Terrill) ",The Library of Congress Celebrates the Songs of America / John and Ruby Lomax 1939 Southern States Recording Trip,,https://www.loc.gov/item/lomaxbib000629/,,- Venue: Galeanaz Tourist Camp; recording begins with an explanation of the vaqueri context in English
Contrabando de El Paso,"Rael, Ventura","El Paso, Texas",,"Albuquerque, New Mexico",,"Loeffler, Jack",La Música de los Viejitos: Hispano Folk Music of the Río Grande del Norte,1999,https://docs.google.com/document/d/150KFatkDGVJZnRhE_YESu1VY2h5dZKcgVX3alC3gcmQ/edit,https://docs.google.com/document/d/15PaSEET4y4QZvHDDW18GAtH32ja3L_8Ay8LrMixlRYo/edit,
El corrido de San Marcial,"Rosas, Manuel; Gbaldón, Roger","San Marcial, New Mexico; Rio Grande; El Paso",,"Albuquerque, New Mexico",,"Loeffler, Jack",La Música de los Viejitos: Hispano Folk Music of the Río Grande del Norte,1999,https://docs.google.com/document/d/1EeqXl32_mrQPXX-iVtZypIeBLs6PXJG7z7GqOTdpUvs/edit,https://docs.google.com/document/d/1h-8-svsNqAh2U0RyHpgajWGSuiHYLeEdg2tliTxONtQ/edit,Text identifies speaker as Ramón Luna
El hijo desobediente,"Aguilar, Floyd",,Rio Grande,"Albuquerque, New Mexico",,"Loeffler, Jack",La Música de los Viejitos: Hispano Folk Music of the Río Grande del Norte,1999,https://docs.google.com/document/d/1fkzDU0NUCeN_-ZX7hsa2jM1uZbZ65x13JaPdFwqtDfc/edit,https://docs.google.com/document/d/1wDICmU-qzDfXY5uAZbBK6G5i6AXYwT02AgACyzQ22Kw/edit,
"El Potro ""Lobo Gatiado""","Guilez, Rumaldo and Chon",,"Tlatlaya, Mexico","Albuquerque, New Mexico",,"Loeffler, Jack",La Música de los Viejitos: Hispano Folk Music of the Río Grande del Norte,1999,https://docs.google.com/document/d/1iw-_UuJGxPuDfK5l1NlAS4RzZGHd3qzma4UpNBS08bg/edit,https://docs.google.com/document/d/1M--fWPfNAKVV9PSWDVb-V-9s2Js5_XNcJKUuDEUQPEY/edit,
El corrido del fusilamiento de Felipe Ángeles,"Floréz, Johnny; García, Raúl","Chihuahua, Mexico; Sierra la Mora",,"Albuquerque, New Mexico",,"Loeffler, Jack",La Música de los Viejitos: Hispano Folk Music of the Río Grande del Norte,1999,https://docs.google.com/document/d/1npPYJbKdNDAPhrfndk8UDyYRNhIVo_rYkXW94wHDhZk/edit,https://docs.google.com/document/d/1v_tEUnHpf0z5YEM6s-8mCBXVGod0MTtmJ7qvP6d6bfc/edit,
Las mañanitas de Benjamín Argumedo,"Tórrez, Librado","Durango, Mexico; San Miguel, Mexico; Sombrerete, Mexico",,"Albuquerque, New Mexico",,"Loeffler, Jack",La Música de los Viejitos: Hispano Folk Music of the Río Grande del Norte,1999,https://docs.google.com/document/d/1DXn6-_iUmBWu1o5qjbeEHgwhOmyfcmt1TAWa-LCUX84/edit,https://docs.google.com/document/d/1cQtnhcOSH3kXs4w_2vnJRyAKwzHKH4uVLiQOz_fXAZA/edit,
El corrido de Río Arriba,"Martínez, Roberto","Tierra Amarilla, New Mexico; Rio Arriba, New Mexico",,"Albuquerque, New Mexico",,"Loeffler, Jack",La Música de los Viejitos: Hispano Folk Music of the Río Grande del Norte,1999,https://docs.google.com/document/d/1eFF967iknCXtvYNJgLKJmB1siwXeuBHxArUvK4QC49g/edit,https://docs.google.com/document/d/1CbwT14k8DFZMn20ZbkqLVspeVoJU8fMrKkJ-e_4Gby8/edit,
El toro morro (Part 1 of 2),"Goodwyn, Frank",,"Falfurrias, Texas",,"April 28, 1939","Lomax, John A. (John Avery),
Lomax, Ruby T. (Ruby Terrill) ",The Library of Congress Celebrates the Songs of America / John and Ruby Lomax 1939 Southern States Recording Trip,,https://www.loc.gov/item/lomaxbib000630/,,"Venue: Galeanaz Tourist Camp
-  Performance Note: ""El toro moro (Part 1 of 2)"" (vocals and guitar) performed at Galeanaz Tourist Camp, Falfurrias, Texas, on April 28, 1939."
Corrido de los rangers,"Krausse, Henry, Mrs.",,"Brownsville, Texas",,"April 28, 1939","Lomax, John A. (John Avery),
Lomax, Ruby T. (Ruby Terrill) ",The Library of Congress Celebrates the Songs of America / John and Ruby Lomax 1939 Southern States Recording Trip,,https://www.loc.gov/item/lomaxbib000093/,,"This corrido has a back and forth on context in English. Performance Note: ""Corrido de los rangers"" performed by Mrs. Henry Krausse (vocals) at her home, Brownsville, Texas, on April 28, 1939."
Versos del mojado,"Salinas, Manuel
López, Homero",,"Sarita, Texas",,"April 28, 1939","Lomax, John A. (John Avery),
Lomax, Ruby T. (Ruby Terrill) ",The Library of Congress Celebrates the Songs of America / John and Ruby Lomax 1939 Southern States Recording Trip,,https://www.loc.gov/item/lomaxbib000096/,,"-  Venue: López's Cash Store
-  Collector's genre note: ""Mexican border ballad""
-  Location also known as Kennedy Ranch"
Los veusas de Don Bonifacio e Don Coy,"Goodwyn, Frank",,"Falfurrias, Texas",,"April 29, 1939","Lomax, John A. (John Avery),
Lomax, Ruby T. (Ruby Terrill) ",The Library of Congress Celebrates the Songs of America / John and Ruby Lomax 1939 Southern States Recording Trip,,https://www.loc.gov/item/lomaxbib000134/,,"-  Venue: Galeanaz Tourist Camp
-  Collector's genre note: ""Mexican feud ballad"""
El Corrido de Kiansis,"Goodwyn, Frank",,"Falfurrias, Texas",,"April 29, 1939","Lomax, John A. (John Avery),
Lomax, Ruby T. (Ruby Terrill) ",The Library of Congress Celebrates the Songs of America / John and Ruby Lomax 1939 Southern States Recording Trip,,https://www.loc.gov/item/lomaxbib000135/,,"-  Venue: Galeanaz Tourist Camp
-  Collector's genre note: ""trail songs (Mexican)"""
Bandolero,"Acuna, Valdemar
Hernandez, Leonaldo",,"Kingsville, Texas",,"May 1, 1939","Lomax, John A. (John Avery),
Lomax, Ruby T. (Ruby Terrill) ",The Library of Congress Celebrates the Songs of America / John and Ruby Lomax 1939 Southern States Recording Trip,,https://www.loc.gov/item/lomaxbib000654/,,"-  Location also known as now Texas A&M University-Kingsville
-  Venue: Under grandstand of college stadium, A.& I. College
-  Performance Note: ""Bandolero"" performed under grandstand of college stadium, A.& I. College, Kingsville, Texas, on May 1, 1939."
Corrido del soldado,"Suarez, José",,"Brownsville, Texas",,"April 26, 1939","Lomax, John A. (John Avery),
Lomax, Ruby T. (Ruby Terrill) ",The Library of Congress Celebrates the Songs of America / John and Ruby Lomax 1939 Southern States Recording Trip,,https://www.loc.gov/item/lomaxbib000215/,,- Venue: Home of J.K. Wells
Corrido del soldado,"Suarez, José",,"Brownsville, Texas",,"April 26, 1939","Lomax, John A. (John Avery),
Lomax, Ruby T. (Ruby Terrill) ",The Library of Congress Celebrates the Songs of America / John and Ruby Lomax 1939 Southern States Recording Trip,,https://www.loc.gov/item/lomaxbib000216/,,- Venue: Home of J.K. Wells
La risa,"Suarez, José",,"Brownsville, Texas",,"April 26, 1939","Lomax, John A. (John Avery),
Lomax, Ruby T. (Ruby Terrill) ",The Library of Congress Celebrates the Songs of America / John and Ruby Lomax 1939 Southern States Recording Trip,,https://www.loc.gov/item/lomaxbib000549/,,- Venue: Home of J.K. Wells
Corrido del soldado,"Suarez, José",,"Brownsville, Texas",,"April 26, 1939","Lomax, John A. (John Avery),
Lomax, Ruby T. (Ruby Terrill) ",The Library of Congress Celebrates the Songs of America / John and Ruby Lomax 1939 Southern States Recording Trip,,https://www.loc.gov/item/lomaxbib000649/,,- Venue: Home of J.K. Wells
El borracho celebra la Semana Santa,"Suarez, José",,"Brownsville, Texas",,"April 26, 1939","Lomax, John A. (John Avery),
Lomax, Ruby T. (Ruby Terrill) ",The Library of Congress Celebrates the Songs of America / John and Ruby Lomax 1939 Southern States Recording Trip,,https://www.loc.gov/item/lomaxbib000550/,,- Venue: Home of J.K. Wells
Corrido del Gral. Diaz,,Mexico,,"Los Angeles, California",,,https://chroniclingamerica.loc.gov/lccn/sn81004351/1936-10-25/ed-1/seq-34/ocr/,"October 25, 1936",https://docs.google.com/document/d/1Xqow0C7heg2Ob6OEliYa0JF6evmc2MJ9KPXM1qpeRUA/edit,,Published in La Opinión
El Fin del Mundo,,,,"Los Angeles, California",,,https://chroniclingamerica.loc.gov/lccn/sn81004351/1936-10-25/ed-1/seq-34/ocr/,"October 25, 1936",https://docs.google.com/document/d/1Gq0tRndsh7t0ZCNif926Du7bzuZUCxJYLBqCPSyXP_8/edit,,Published in La Opinión
El Repatriado,,"Sonora, Mexico; Chihuahua, Mexico",,"Los Angeles, California",,,https://chroniclingamerica.loc.gov/lccn/sn81004351/1935-08-11/ed-1/seq-30/ocr/,"August 11, 1935",https://docs.google.com/document/d/1WG5ZRSaK4vgkgGk4OoYjH5D1PdEJjLXCi3fmjvr1Zgk/edit,,Published in La Opinión
El Fronterizo,,"Mexico City, Mexico",,"Los Angeles, California",,,https://chroniclingamerica.loc.gov/lccn/sn81004351/1935-08-11/ed-1/seq-30/ocr/,"August 11, 1935",https://docs.google.com/document/d/1YiOpI8m-66xwVKzBA0e1UfPvixHDD_mQj0poNNUHFho/edit,,Published in La Opinión
El Presidiario,,"San Juan de Ulua, Mexico",,"Los Angeles, California",,,https://chroniclingamerica.loc.gov/lccn/sn81004351/1935-06-30/ed-1/seq-31/ocr/,"June 30, 1935",https://docs.google.com/document/d/1ZHZYfxxi5W-jRvjo3NrouMMfrJgj95D5Nn2hRNPxG_E/edit,,Published in La Opinión
Corrido del Descarrilamiento,,"Puebla, Mexico; Apizaco, Mexico",,"Los Angeles, California",,,https://chroniclingamerica.loc.gov/lccn/sn81004351/1936-12-20/ed-1/seq-34/ocr/,"December 20, 1936",https://docs.google.com/document/d/1bwQ1VGbAAPk7jS9BefIYfhNaY5vFdVDFxvCySrn8F2w/edit,,Published in La Opinión
Los Repatriados,,California,,"Los Angeles, California",,,https://chroniclingamerica.loc.gov/lccn/sn81004351/1936-11-01/ed-1/seq-34/ocr/,"November 1, 1936",https://docs.google.com/document/d/1YXhVcwcTixqzgt_TSmwaLKeDoE8mD79PsI3pVZF9Tqw/edit,,Published in La Opinión
El Corrido del Agua Caliente,,"San Diego, California",,"Los Angeles, California",,,https://chroniclingamerica.loc.gov/lccn/sn81004351/1935-09-01/ed-1/seq-34/#date1=1777&index=5&date2=1963&searchType=advanced&language=&sequence=0&lccn=sn81004351&words=CANCION+Corrido+DE+la+PAGINA&proxdistance=5&rows=20&ortext=corrido&proxtext=&phrasetext=pagina+de+la+cancion&andtext=&dateFilterType=yearRange&page=1,"September 1, 1935",https://docs.google.com/document/d/1ZsNL_-iohCr8vAXLiplKFoHfE0LwpqcMWqW1RyN2YAY/edit,,Published in La Opinión
El Pantera,,"Barrio de San Luisito, Monterrey, Mexico",,"Los Angeles, California",,,https://chroniclingamerica.loc.gov/lccn/sn81004351/1935-09-15/ed-1/seq-42/ocr/,"September 15, 1935",https://docs.google.com/document/d/1YLuNnagN5_tXa7b3QrsiqPr-2R9c2Iyn6zCpPBRkt7s/edit,,Published in La Opinión
Corrido del Borlote,,,,"Los Angeles, California",,,https://chroniclingamerica.loc.gov/lccn/sn81004351/1936-08-02/ed-1/seq-34/ocr/,"August 2, 1936",https://docs.google.com/document/d/1xvB9r9g3jQkVl7mZq83kDlvQXdd1FBSbHIlOiVhci4A/edit,,Published in La Opinión
Corrido Ranchero de Higinio Flores,,"Durango, Mexico",,"Los Angeles, California",,,https://chroniclingamerica.loc.gov/lccn/sn81004351/1936-08-30/ed-1/seq-34/ocr/,"August 30, 1936",https://docs.google.com/document/d/1accIgebPX66syjDZGFvxAqC6TDan9ZB4ioPSOMN9CFQ/edit,,Published in La Opinión
Corrido de Don Esteban,,"Irapuato, Mexico; Curadero; Conguripo, Mexico; Aranjuez, Mexico",,"Los Angeles, California",,,https://chroniclingamerica.loc.gov/lccn/sn81004351/1937-09-12/ed-1/seq-42/ocr/,"September 12, 1937",https://docs.google.com/document/d/1SyoQI0Z1gd4yIep_d0m82DIKN7k9hIJGjOg1KYw98Kg/edit,,Published in La Opinión
Corrido de los Pelones o los Rateros de Mexico,,Mexico,,"Los Angeles, California",,,https://chroniclingamerica.loc.gov/lccn/sn81004351/1937-09-12/ed-1/seq-42/ocr/,"September 12, 1937",https://docs.google.com/document/d/1-0r67Xj0Hwcr1V8LeiBYimD5i5HjDfrSZr78f9OG8S4/edit,,Published in La Opinión
Corrido del Congreso Constituyente de Querétaro,,"Querétaro, Mexico; Saltillo, Mexico",,"Los Angeles, California",,,https://chroniclingamerica.loc.gov/lccn/sn81004351/1937-09-12/ed-1/seq-42/ocr/,"September 12, 1937",https://docs.google.com/document/d/1JSzVyimzntE5_2dDhLboE78bnnSt8P7x7wyGjyJ8kHo/edit,,Published in La Opinión
Corrido Soy de Rancho,,,,"Los Angeles, California",,,https://chroniclingamerica.loc.gov/lccn/sn81004351/1937-09-12/ed-1/seq-42/ocr/,"September 12, 1937",https://docs.google.com/document/d/1rAwHdHuVrFx-kXfSGJtf9ifECFH-JmAN9kaLLGwFcJ4/edit,,Published in La Opinión
Corrido del General Francisco Tolentino,,,,"Los Angeles, California",,,https://chroniclingamerica.loc.gov/lccn/sn81004351/1937-09-12/ed-1/seq-42/ocr/,"September 12, 1937",https://docs.google.com/document/d/1bWOOCUhmK2VVI0__hHpVIsk639Um3_zg96ZODvuI9X8/edit,,Published in La Opinión
Corrido de Oaxaca de Juárez,,"Oaxaca, Mexico; Temple of Santo Domingo, Oaxaca, Mexico; Netzahualcóyolt, Oaxaca, Mexico; Plaza del Mercado, Oaxaca, Mexico; Benito Juarez monument, Oaxaca, Mexico; playa de Santa Maria, Oaxaca, Mexico; La Soledad, Oaxaca, Mexico; Santa Maria del Marquesado, Oaxaca, Mexico",,"Los Angeles, California",,,https://chroniclingamerica.loc.gov/lccn/sn81004351/1937-09-12/ed-1/seq-42/ocr/,"September 12, 1937",https://docs.google.com/document/d/1AAYPgAHtlU6Wyw0nv4kFw4Nu1lvIy70okLD_Av5z2cY/edit,,Published in La Opinión
Corrido de Cuca Mendoza,,"San Antonio, Mexico; Moroleón, Mexico",,"Los Angeles, California",,,https://chroniclingamerica.loc.gov/lccn/sn81004351/1937-09-12/ed-1/seq-42/ocr/,"September 12, 1937",https://docs.google.com/document/d/17_ys4xW0A89KHW7YvGWM_IvGqzshPKvj5rAFGSwypLU/edit,,Published in La Opinión
Corrido del Enamorado,,,,"Los Angeles, California",,,https://chroniclingamerica.loc.gov/lccn/sn81004351/1937-09-05/ed-1/seq-34/ocr/,"September 5, 1937",https://docs.google.com/document/d/1WpEbpN3Qli6-DJfayAHAf7pcnsieaYuhAh6OTOgu4UI/edit,,Published in La Opinión
Corrido de los Parranderos,,,,"Los Angeles, California",,,https://chroniclingamerica.loc.gov/lccn/sn81004351/1937-09-05/ed-1/seq-34/ocr/,"September 5, 1937",https://docs.google.com/document/d/1ODGfZvY4rmW53rg_AISuZrErWSgKR-Nyu8rwhDcqoPg/edit,,Published in La Opinión
Corrido del Negro de Oro,,"Oaxaca, Mexico; Jalisco, Mexico",,"Los Angeles, California",,,https://chroniclingamerica.loc.gov/lccn/sn81004351/1937-09-05/ed-1/seq-34/ocr/,"September 5, 1937",https://docs.google.com/document/d/1xMAZ0_jGYrPfFH50c33veRjSqlLBvYneW7GXQBqLeW0/edit,,Published in La Opinión
Corrido de Juan R. Escudero,,"Acapulco, Mexico; Aguacatillo, Mexico; San Luis, Mexico; Cacalutla, Mexico",,"Los Angeles, California",,,https://chroniclingamerica.loc.gov/lccn/sn81004351/1937-09-05/ed-1/seq-34/ocr/,"September 5, 1937",https://docs.google.com/document/d/1S3np6qblsem4iQ17BEuRYBctSsbvV8V1Ums-E-SBGWQ/edit,,Published in La Opinión
Corrido de Severo Isidor,,,,"Los Angeles, California",,,https://chroniclingamerica.loc.gov/lccn/sn81004351/1937-09-19/ed-1/seq-34/ocr/,"September 19, 1937",https://docs.google.com/document/d/1dGw5f_d_Ue0U0kIPDuFFGWlAXLLPN5G95FLCOCuzdjU/edit,,Published in La Opinión
Corrido de Los Rurales,,,,"Los Angeles, California",,,https://chroniclingamerica.loc.gov/lccn/sn81004351/1937-09-19/ed-1/seq-34/ocr/,"September 19, 1937",https://docs.google.com/document/d/1niJZ-aRUVgOCuoHXfuKqmopMoTsvCFsw9LSnmtlUeAQ/edit,,Published in La Opinión
Corrido de Valente Torre,,"San Juan del Rio, Mexico; Villa de Rosales; Puebla, Mexico",,"Los Angeles, California",,,https://chroniclingamerica.loc.gov/lccn/sn81004351/1937-09-19/ed-1/seq-34/ocr/,"September 19, 1937",https://docs.google.com/document/d/15YzR2CkHgeE1ITbfRwFWk3aIRohRpXhCowM4sNfMDLc/edit,,Published in La Opinión
Corrido del Gral Lazaro Cardenas Francisco M Chavez,,"Apatzingan, Mexico",,"Los Angeles, California",,,https://chroniclingamerica.loc.gov/lccn/sn81004351/1936-02-23/ed-1/seq-33/ocr/,"February 23, 1936",https://docs.google.com/document/d/1mz0XerV9tskIcdWqP81SdV3siYlw2VntMUiyKn_gNb4/edit,,Published in La Opinión
Corrido de la Batalla de Ocotlán,,"Ocotlán, Mexico; Puebla, Mexico; Panzacola, Mexico",,"Los Angeles, California",,,https://chroniclingamerica.loc.gov/lccn/sn81004351/1937-11-07/ed-1/seq-34/ocr/,"November 7, 1937",https://docs.google.com/document/d/1hnoaj5SKm1rlzhDf9zO3BVh2-e_rT8QBSSqT1JjPNKI/edit,,Published in La Opinión
Corrido de Macario Romero,,,,"Los Angeles, California",,,https://chroniclingamerica.loc.gov/lccn/sn81004351/1937-11-07/ed-1/seq-34/ocr/,"November 7, 1937",https://docs.google.com/document/d/15CLk61f4wPiclMokGG9yYeDuy8bU9bzol0pEm-oeaxM/edit,,Published in La Opinión
Corrido de la Gata,,"Zocalo, Mexico City, Mexico; Amacueca, Mexico",,"Los Angeles, California",,,https://chroniclingamerica.loc.gov/lccn/sn81004351/1937-10-10/ed-1/seq-34/ocr/,"October 10, 1937",https://docs.google.com/document/d/1EXl2rXji9M4hm9uc0EC_pDIpsjnwraCxxn7HklcAqLA/edit,,Published in La Opinión
Corrido de la Luz Eléctrica,,"Zocalo, Mexico City, Mexico; Plaza de Santo Domingo, Mexico City, Mexico; Alameda, Mexico City, Mexico; Plateros, Mexico; Plaza de San Juan, Mexico City, Mexico",,"Los Angeles, California",,,https://chroniclingamerica.loc.gov/lccn/sn81004351/1937-10-10/ed-1/seq-34/ocr/,"October 10, 1937",https://docs.google.com/document/d/13FHtJ8G9AXKhzvpfaEm2mfaeMmODTQLSS-IZnebfTXk/edit,,Published in La Opinión
Corrido Popular,,"Guerrero, Mexico",,"Los Angeles, California",,,https://chroniclingamerica.loc.gov/lccn/sn81004351/1937-10-03/ed-1/seq-26/ocr/,"October 30, 1937",https://docs.google.com/document/d/1PLusO0yX9YwLFGYpIN23s7zkE-mcxBUMnqEHpDa66Dg/edit,,Published in La Opinión
Corrido de la China,,"Plaza de San Juan, Mexico City, Mexico",,"Los Angeles, California",,,https://chroniclingamerica.loc.gov/lccn/sn81004351/1937-10-03/ed-1/seq-26/ocr/,"October 30, 1937",https://docs.google.com/document/d/1jZvuF_TQAdfrMZwmDU0RF5RZ9K1StCpgJK9QOImaeNI/edit,,Published in La Opinión
Corrido de la Niña Olga Camacho,,"Tijuana, Mexico; California",,"Los Angeles, California",,,https://chroniclingamerica.loc.gov/lccn/sn81004351/1939-08-06/ed-1/seq-30/ocr/,"August 6, 1939",https://docs.google.com/document/d/12zsWGy_rhDbVQxo92L6r4eH8IsystsS9sw6mgvc1-qM/edit,,Published in La Opinión
La Pochita,,"San Antonio, Texas; Jalisco, Mexico",,"Los Angeles, California",,,https://chroniclingamerica.loc.gov/lccn/sn81004351/1939-08-06/ed-1/seq-30/ocr/,"August 6, 1939",https://docs.google.com/document/d/13-ov5W1lrgOeBQFAMNCMWwf-ABc3zishuu_fur3MUTw/edit,,Published in La Opinión
El Novillo Despuntado,,"Sonora, Mexico",,"Los Angeles, California",,,https://chroniclingamerica.loc.gov/lccn/sn81004351/1936-03-01/ed-1/seq-26/ocr/,"March 1, 1936",https://docs.google.com/document/d/1iXtsvDTm7dhXP-uh5fLLRFpVT_4hDFgMP09XqqScSNc/edit,,Published in La Opinión
No Sabe Igual,,,,"Los Angeles, California",,,https://chroniclingamerica.loc.gov/lccn/sn81004351/1936-08-09/ed-1/seq-34/ocr/,"August 9, 1936",https://docs.google.com/document/d/1tTHsyEdxGTJLARSquriAaMlER9PvbwaqRdUqqSR5EKI/edit,,Published in La Opinión
Chatita Mia,,,,"Los Angeles, California",,,https://chroniclingamerica.loc.gov/lccn/sn81004351/1936-10-04/ed-1/seq-36/ocr/,"October 4, 1936",https://docs.google.com/document/d/1h-bF5f154640VlFhBHt5PqKDeP0JvoZanAVC2C_u3Uw/edit,,Published in La Opinión
Corrido de los Trenes Electricos,,"Mexico City, Mexico; Chapultatec, Mexico City, Mexico",,"Los Angeles, California",,,https://chroniclingamerica.loc.gov/lccn/sn81004351/1937-10-24/ed-1/seq-34/ocr/,"October 24, 1937",https://docs.google.com/document/d/1UyLekycmLqGM7_NmPDVFU3shSVjJnMso6-iUxYCXwPI/edit,,Published in La Opinión
Corrido del Estado de Morelos,,"Morelos, Mexico; Zacualpa, Mexico; Atenco, Mexico; Durango, Mexico",,"Los Angeles, California",,,https://chroniclingamerica.loc.gov/lccn/sn81004351/1937-09-26/ed-1/seq-30/ocr/,"September 26, 1937",https://docs.google.com/document/d/1LH182huoIFKAmlY-utDgaVN3MPT74goLkZXIDMKcgAQ/edit,,Published in La Opinión
A la Memoria del Aviador Emilio Carranza,,"San Diego, California; Mexico City, Mexico; Balbuena, Mexico City, Mexico",,"Los Angeles, California",,,https://chroniclingamerica.loc.gov/lccn/sn81004351/1935-12-29/ed-1/seq-14/ocr/,"December 29, 1935",https://docs.google.com/document/d/1C302psuQK-CwL6UgvyO8keaaiRFJCmbAn81lCy4TtZk/edit,,Published in La Opinión
La Mulita,,,,"Los Angeles, California",,,https://chroniclingamerica.loc.gov/lccn/sn81004351/1936-11-15/ed-1/seq-26/ocr/,"November 15, 1935",https://docs.google.com/document/d/1c_Vy-N6-RmudbRxc2M246hkB-yHRSfwDf-p0U1KOU8g/edit,,Published in La Opinión
Corrido de Margarita,,,,"Los Angeles, California",,,https://chroniclingamerica.loc.gov/lccn/sn81004351/1936-09-27/ed-1/seq-34/ocr/,"September 27, 1936",https://docs.google.com/document/d/1qQWE70F_044B1Gb1YEerK-baLQfQh-lSHScvIhzUXrk/edit,,Published in La Opinión
El Coyote Mordelon,,"Mexico City, Mexico",,"Los Angeles, California",,,https://chroniclingamerica.loc.gov/lccn/sn81004351/1937-01-03/ed-1/seq-34/ocr/,"January 3, 1937",https://docs.google.com/document/d/1BPQOWi3qebqH2lezUC0GfyQ5ZRUidwQOmP08L1ZlzRY/edit,,Published in La Opinión
Corrido de las Pesetas,,,,"Los Angeles, California",,,https://chroniclingamerica.loc.gov/lccn/sn81004351/1937-10-31/ed-1/seq-26/ocr/,"October 31, 1937",https://docs.google.com/document/d/1EUATfSvz8YMuZOpesoVZJhDa-a1oZFLs1QU6_nEyXZI/edit,,Published in La Opinión
Corrido de la Despedida de los Tlacos,,,,"Los Angeles, California",,,https://chroniclingamerica.loc.gov/lccn/sn81004351/1937-11-14/ed-1/seq-34/ocr/,"November 14, 1937",https://docs.google.com/document/d/1TLsnR2gGl_iLl9hK-266fwF0rTKBBWNFfnPpmF7kkjw/edit,,Published in La Opinión
Corrido de los Arcos Triunfales en Mexico,,"Plateros, Mexico City, Mexico; Tabasco, Mexico; Calle Mercaderes, Mexico City, Mexico; Yucatán, Mexico; Puebla, Mexico; Oaxaca, Mexico; Morelos, Mexico; Arriba, Mexico; Mitla, Oaxaca, Mexico; Ferrocarril del Valle, Mexico City, Mexico; monte Popocatepetl, Mexico",,"Los Angeles, California",,,https://chroniclingamerica.loc.gov/lccn/sn81004351/1937-10-17/ed-1/seq-34/ocr/,"October 17, 1937",https://docs.google.com/document/d/1MK-Ym4FjcMjACGKSP6ZmqrCS2MpwdaXlTvTFVyID8NI/edit,,Published in La Opinión
El Novillo Despuntado,,"Sonora, Mexico; Mexico",,"Los Angeles, California",,,https://chroniclingamerica.loc.gov/lccn/sn81004351/1937-12-26/ed-1/seq-26/ocr/,"December 26, 1937",https://docs.google.com/document/d/1IKzUj5toNbek4PAuupARLvu51uEADq8Bxc0JRT32hSg/edit,,Published in La Opinión
El Castigador,,,,"Los Angeles, California",,,https://chroniclingamerica.loc.gov/lccn/sn81004351/1938-12-25/ed-1/seq-26/ocr/,"December 25, 1938",https://docs.google.com/document/d/1IU7Mz0Mmk0fXBKtA8b9KTWgknymTvUgZKfH3VfKP4LA/edit,,Published in La Opinión
Las Morenas,,,,"Los Angeles, California",,,https://chroniclingamerica.loc.gov/lccn/sn81004351/1939-04-16/ed-1/seq-26/ocr/,"April 16, 1939",https://docs.google.com/document/d/10u1uDwhupdsiWqZjSqw-LQX_-eBiLii3weXZckWLyKg/edit,,Published in La Opinión
Corrido de Augustin Niño,,,,"Los Angeles, California",,,https://chroniclingamerica.loc.gov/lccn/sn81004351/1939-12-17/ed-1/seq-26/ocr/,"December 17, 1939",https://docs.google.com/document/d/1XfYM6odgD8wiQdS7R1aMpJ3wHiMI1rvMjoxlktg2eNc/edit,,Published in La Opinión
Aviador Carranza Guty Cardenas,,"San Diego, California; Mexico City, Mexico; Balbuena, Mexico City, Mexico",,"Los Angeles, California",,,https://chroniclingamerica.loc.gov/lccn/sn81004351/1939-05-21/ed-1/seq-26/ocr/,"May 21, 1939",https://docs.google.com/document/d/1l9nQKZstzowBajPoy6Sq6qnnIBQ-3Kmw52ssbhlrSLo/edit,,Published in La Opinión
Corrido de Aurelio Pompa,,"Caborca, Mexico; Sonora, Mexico",,"Los Angeles, California",,,https://chroniclingamerica.loc.gov/lccn/sn81004351/1937-02-28/ed-1/seq-34/ocr/,"February 28, 1937",https://docs.google.com/document/d/1Molly37-E8AQn79Iy1JGwNSbR5xV59MUQSDUGXiH6JY/edit,,Published in La Opinión
Corrido de la Pulga,,"Plaza de San Juan, Mexico City, Mexico","Mexico City, Mexico",Mexico,1821,"Quevedo, Pepe",https://babel.hathitrust.org/cgi/pt?id=inu.30000005354141&view=1up&seq=1&q1=higinio,1926,https://docs.google.com/document/d/1X5ZGw3hidFSKBU0ApBmMjBH3Yz7zgLCguy8XkRRYsgQ/edit,,compiled by Higinio Vazquez Santa Ana
Corrido de los Americanos,,,,Mexico,,"Vazquez Santa Ana, Higinio",https://babel.hathitrust.org/cgi/pt?id=inu.30000005354141&view=1up&seq=1&q1=higinio,1926,https://docs.google.com/document/d/1SUAKNfHFKsw0hhpgcOywp0-5qELKQb-ywN1rgocOyds/edit,,compiled by Higinio Vazquez Santa Ana
Corrido de Leonardo Marquez,,,,Mexico,,"Vazquez Santa Ana, Higinio",https://babel.hathitrust.org/cgi/pt?id=inu.30000005354141&view=1up&seq=1&q1=higinio,1926,https://docs.google.com/document/d/1GSSs1sbEiciV0OPxYPyFstgXUoKEENmqJ5oxHXSvC70/edit,,compiled by Higinio Vazquez Santa Ana
Corrido de Juan Jose Baz,,,,Mexico,,"Vazquez Santa Ana, Higinio",https://babel.hathitrust.org/cgi/pt?id=inu.30000005354141&view=1up&seq=1&q1=higinio,1926,https://docs.google.com/document/d/1gKTyPJOQZR_BTN8KboP8wE5MLijTDpSdkyYYtbkE0ak/edit,,compiled by Higinio Vazquez Santa Ana
Corrido de la Entrada de Juarez a la Ciudad de Mexico,,"Mexico City, Mexico; Juarez, Mexico; Lerdo, Mexico; Riva Palacio, Mexico",,Mexico,,"Vazquez Santa Ana, Higinio",https://babel.hathitrust.org/cgi/pt?id=inu.30000005354141&view=1up&seq=1&q1=higinio,1926,https://docs.google.com/document/d/1nG1VN16lrSU9OaBf2P1gFmc0QJQvZT4Ew4tqfDrzpdE/edit,,compiled by Higinio Vazquez Santa Ana
Corrido de los Martires de Veracruz,,"Veracruz, Mexico",,Mexico,,"Vazquez Santa Ana, Higinio",https://babel.hathitrust.org/cgi/pt?id=inu.30000005354141&view=1up&seq=1&q1=higinio,1926,https://docs.google.com/document/d/1DrK-B2rxN2xaWCrCIQ3JVuD_sKfd510w2VWYiWwX5Kc/edit,,compiled by Higinio Vazquez Santa Ana
Corrido de la Carambada,,,"Querétaro, Mexico",Mexico,1870,"Vazquez Santa Ana, Higinio",https://babel.hathitrust.org/cgi/pt?id=inu.30000005354141&view=1up&seq=1&q1=higinio,1926,https://docs.google.com/document/d/1BRdJXOFxfeYmkTeMVHEyX5WLGs6ACZz3vM1llyNQfyE/edit,,compiled by Higinio Vazquez Santa Ana
Corrido el Prisionero de San Juan de Ulua,,"San Juan de Ulua, Mexico",,Mexico,,"Vazquez Santa Ana, Higinio",https://babel.hathitrust.org/cgi/pt?id=inu.30000005354141&view=1up&seq=1&q1=higinio,1926,https://docs.google.com/document/d/1yzxp2LcnFYkpB_EeMqC3c5L8Jf9n-gHJ15zQFqsHXJw/edit,,compiled by Higinio Vazquez Santa Ana
Corrido del Desertor,,"Puebla, Mexico",,Mexico,,"Vazquez Santa Ana, Higinio",https://babel.hathitrust.org/cgi/pt?id=inu.30000005354141&view=1up&seq=1&q1=higinio,1926,https://docs.google.com/document/d/1DqB_htMmcpdfnlgQPMGK_my-xeOWQibtAdRxLq7fSwU/edit,,compiled by Higinio Vazquez Santa Ana
Corrido de Leon Gzolgosz,,,"Mexico City, Mexico",Mexico,1901,"Vazquez Santa Ana, Higinio",https://babel.hathitrust.org/cgi/pt?id=inu.30000005354141&view=1up&seq=1&q1=higinio,1926,https://docs.google.com/document/d/1PE4gxN7TpIA5RAotcerDlYFVsQ3E10IlHy0h7mj7XRQ/edit,,compiled by Higinio Vazquez Santa Ana
Corrido de la Campana de la Independencia,,"Dolores Hidalgo, Mexico; Allende, Mexico; Aldama, Mexico",,Mexico,"Sept. 15, 1881","Vazquez Santa Ana, Higinio",https://babel.hathitrust.org/cgi/pt?id=inu.30000005354141&view=1up&seq=1&q1=higinio,1926,https://docs.google.com/document/d/1KhvhL6vHItVuqTmGzCBEglxAfzT1FM2hzvhhkVyhTR8/edit,,compiled by Higinio Vazquez Santa Ana
Corrido de Gregorio Cortes,,"Sauz, Mexico; Texas border; Rio Grande; San Antonio, Texas; Laredo, Texas",,Mexico,,"Vazquez Santa Ana, Higinio",https://babel.hathitrust.org/cgi/pt?id=inu.30000005354141&view=1up&seq=1&q1=higinio,1926,https://docs.google.com/document/d/1yyUbQOlgi9-L_yXebJzPkGRJgcXR2NbsfLu-CKs-wFw/edit,,compiled by Higinio Vazquez Santa Ana
Corrido de los Indios Mayas con el Veintiocho Batallon,,"Guadalajara, Mexico; Veracruz, Mexico",,Mexico,,"Vazquez Santa Ana, Higinio",https://babel.hathitrust.org/cgi/pt?id=inu.30000005354141&view=1up&seq=1&q1=higinio,1926,https://docs.google.com/document/d/1Wn2AXEkF-jMkNr0LCBBFqNAAyZxC_I-tHumhelgocKk/edit,,compiled by Higinio Vazquez Santa Ana
Corrido del Descarrilamiento de Temamatla,,"Temamatla, Mexico; Ameca, Mexico; Tenango, Mexico",,Mexico,,"Vazquez Santa Ana, Higinio",https://babel.hathitrust.org/cgi/pt?id=inu.30000005354141&view=1up&seq=1&q1=higinio,1926,https://docs.google.com/document/d/1nLLXwdr1Cht5J60nktlgTtUIqptPBZpPt7le-IWeVNc/edit,,compiled by Higinio Vazquez Santa Ana
Corrido de Heraclio Bernal,,"Sinaloa, Mexico; Mazatlan, Mexico; Sonora, Mexico; Sierra de Durango, Mexico; Durango, Mexico",,Mexico,,"Vazquez Santa Ana, Higinio",https://babel.hathitrust.org/cgi/pt?id=inu.30000005354141&view=1up&seq=1&q1=higinio,1926,https://docs.google.com/document/d/1ZuEWOt0ZimtBxd7i4Q9wtq-awsHgQq9M5b6sLsukmug/edit,,compiled by Higinio Vazquez Santa Ana
Corrido de la Ciudad de Mexico,,"Mexico City, Mexico; Santa Anita, Mexico City, Mexico; Gran Teatro Nacional, Mexico City, Mexico; Monte de Piedad, Mexico City, Mexico; Paseo de la Reforma, Mexico City, Mexico; La Indianilla, Mexico City, Mexico; la Villa de Guadalupe, Mexico City, Mexico; La Gran Penitenciaria, Mexico City, Mexico",,Mexico,,"Vazquez Santa Ana, Higinio",https://babel.hathitrust.org/cgi/pt?id=inu.30000005354141&view=1up&seq=1&q1=higinio,1926,https://docs.google.com/document/d/1WsUezYTP39MiA3Wfp1uNrS5GcBOnLxEoCNCDSEG5fW4/edit,,compiled by Higinio Vazquez Santa Ana
Corrido del Costeño,,"Jalisco, Mexico; Guanajuato, Mexico",,Mexico,,"Vazquez Santa Ana, Higinio",https://babel.hathitrust.org/cgi/pt?id=inu.30000005354141&view=1up&seq=1&q1=higinio,1926,https://docs.google.com/document/d/1GxZT76diOsKI-vR2rIH7S6LPMwOm_iRDBPvqka4QinQ/edit,,compiled by Higinio Vazquez Santa Ana
Corrido del Valiente del Bajío,,"Bajío, Mexico",,Mexico,,"Vazquez Santa Ana, Higinio",https://babel.hathitrust.org/cgi/pt?id=inu.30000005354141&view=1up&seq=1&q1=higinio,1926,https://docs.google.com/document/d/1K5dI4-fzw6st9Spv6z1JuTre7MnPHqgTd6ESfsoVcBs/edit,,compiled by Higinio Vazquez Santa Ana
Corrido de los Valientes Rurales,,"Rancheria de Amoles, Mexico; Bajió, Mexico",,Mexico,1910,"Vazquez Santa Ana, Higinio",https://babel.hathitrust.org/cgi/pt?id=inu.30000005354141&view=1up&seq=1&q1=higinio,1926,https://docs.google.com/document/d/1Z9dX8HDeKf4KFattDE0u5hlAlg3jUyXh50HGUYjSEzM/edit,,compiled by Higinio Vazquez Santa Ana
Corrido de Belem Galindo,,"Nieves, Mexico",,Mexico,,"Vazquez Santa Ana, Higinio",https://babel.hathitrust.org/cgi/pt?id=inu.30000005354141&view=1up&seq=1&q1=higinio,1926,https://docs.google.com/document/d/1YBVddkUJO9MG8YcyuGC4HXxyPv6cq4qSRmzii0r-7Dk/edit,,compiled by Higinio Vazquez Santa Ana
Corrido de Lino Zamora,,"Zacatecas, Mexico; Guanajuato, Mexico; Jerez, Zacatecas, Mexico; calle Tacuba, Jerez, Mexico",,Mexico,,"Vazquez Santa Ana, Higinio",https://babel.hathitrust.org/cgi/pt?id=inu.30000005354141&view=1up&seq=1&q1=higinio,1926,https://docs.google.com/document/d/1tAhak3YSDNt6FVhk5s-Bpyh9AGD4zmPAtRJhhM8bcCs/edit,,compiled by Higinio Vazquez Santa Ana
Corrido de Ponciano Diaz,,"Atenco, Mexico; Jalisco, Mexico; Monterrey, Mexico; Coahuila, Mexico; Zacatecas, Mexico; Puebla, Mexico",,Mexico,,"Vazquez Santa Ana, Higinio",https://babel.hathitrust.org/cgi/pt?id=inu.30000005354141&view=1up&seq=1&q1=higinio,1926,https://docs.google.com/document/d/1DVG-fxx1V2IUYz_d_o2Y_ZIa6fBFwJcJhwRhRhztQ0I/edit,,compiled by Higinio Vazquez Santa Ana
Corrido de Valentin Mancera,,"San Juan de Dios, Mexico; cerro de Galvanes, Mexico",,Mexico,,"Vazquez Santa Ana, Higinio",https://babel.hathitrust.org/cgi/pt?id=inu.30000005354141&view=1up&seq=1&q1=higinio,1926,https://docs.google.com/document/d/1pzr0vssWchwvhCWlyaINiPsy7DekA-QZJIdIJwpy_18/edit,,compiled by Higinio Vazquez Santa Ana
Corrido de Ignacio Parra,,"Durango, Mexico; Canatlán, Mexico; Cañada region, Mexico",,Mexico,,"Vazquez Santa Ana, Higinio",https://babel.hathitrust.org/cgi/pt?id=inu.30000005354141&view=1up&seq=1&q1=higinio,1926,https://docs.google.com/document/d/1wyNAtrN1pVmcSZfAr2h0X-qGq4Lfa6gPOigD6bZlHJE/edit,,compiled by Higinio Vazquez Santa Ana
Corrido de la Peseta,,,,Mexico,,"Vazquez Santa Ana, Higinio",https://babel.hathitrust.org/cgi/pt?id=inu.30000005354141&view=1up&seq=1&q1=higinio,1926,https://docs.google.com/document/d/1NJUnavxaKWQlL0YlWIeUYd2frccV-sNX36pwQ1ZT-P8/edit,,compiled by Higinio Vazquez Santa Ana
Corrido del General Cubano Antonio Maceo,,Cuba,,Mexico,,"Vazquez Santa Ana, Higinio",https://babel.hathitrust.org/cgi/pt?id=inu.30000005354141&view=1up&seq=1&q1=higinio,1926,https://docs.google.com/document/d/1a53Al0JRgxEB0G29y4Tlds5Fn0xgm5GHMtOuW8VaBAk/edit,,compiled by Higinio Vazquez Santa Ana
Corrido de Martin Herrera,,"Guanaveci, Mexico; Mapimí, Mexico; Catarina, Mexico; Pachuca, Mexico",,Mexico,,"Vazquez Santa Ana, Higinio",https://babel.hathitrust.org/cgi/pt?id=inu.30000005354141&view=1up&seq=1&q1=higinio,1926,https://docs.google.com/document/d/1ooPhWAwfIdvDbejuwk9eB0_gkaCekdFZZs7XFCTAzng/edit,,compiled by Higinio Vazquez Santa Ana
Corrido de Reyes Ruiz,,"Huejaquilla, Mexico",,Mexico,,"Vazquez Santa Ana, Higinio",https://babel.hathitrust.org/cgi/pt?id=inu.30000005354141&view=1up&seq=1&q1=higinio,1926,https://docs.google.com/document/d/1XHvGt3E0km8g1ZDHm4BcKZPF88WopxX0lGtIHibL28o/edit,,compiled by Higinio Vazquez Santa Ana
Corrido de la Guerra de los Cristeros,,"Zamora, Mexico; Patzcuaro, Mexico; Dolores, Mexico; Jimenez, Mexico; Laguna de San Jacinto",,Mexico,,"Vazquez Santa Ana, Higinio",https://babel.hathitrust.org/cgi/pt?id=inu.30000005354141&view=1up&seq=1&q1=higinio,1926,https://docs.google.com/document/d/1naHa1079TuKQt4zBl1seB_CzRlMzuA6GjDd_pqa02yU/edit,,compiled by Higinio Vazquez Santa Ana
Corrido de Nicolas Romero,,"Michoacán, Mexico; Tacambaro, Mexico; Ario, Mexico; Zitácuaro, Mexico; Mexico City, Mexico; Plaza de Mixcalco, Mexico City, Mexico",,Mexico,,"Vazquez Santa Ana, Higinio",https://babel.hathitrust.org/cgi/pt?id=inu.30000005354141&view=1up&seq=1&q1=higinio,1926,https://docs.google.com/document/d/1LXUCcw9b8ZdsdaySo1ClUuA1YR4fvUsqno0DFaKc8bQ/edit,,compiled by Higinio Vazquez Santa Ana
Corrido del Asesinato de la Calle de San Hipolito,,"Pachuca, Mexico; Mexico City, Mexico; Calle de San Hipolito, Mexico City, Mexico; Panteón, Mexico City, Mexico","Mexico City, Mexico",Mexico,,"Vazquez Santa Ana, Higinio",https://babel.hathitrust.org/cgi/pt?id=inu.30000005354141&view=1up&seq=1&q1=higinio,1926,https://docs.google.com/document/d/1bhPwSADLcFBVs2pcBVS7uc9GaPKA2TzhDqMTSCCkgxo/edit,,compiled by Higinio Vazquez Santa Ana
Corrido de Pantaleon Verduzco,,,,Mexico,,"Vazquez Santa Ana, Higinio",https://babel.hathitrust.org/cgi/pt?id=inu.30000005354141&view=1up&seq=1&q1=higinio,1926,https://docs.google.com/document/d/1pyr5kR4iezgsE0R5PubmEWbP367g0nA51bpEIadsASM/edit,,compiled by Higinio Vazquez Santa Ana
Corrido de Ferel Mendez,,"San Luis, Mexico; Silacayaoapan, Mexico; Zapotitlan, Mexico; Huinisticlan, Mexico; Huaxacatla, Mexico",,Mexico,,"Vazquez Santa Ana, Higinio",https://babel.hathitrust.org/cgi/pt?id=inu.30000005354141&view=1up&seq=1&q1=higinio,1926,https://docs.google.com/document/d/1XQyQONY3hsA6g0JUTH0VVpO6iFxFBNVufHn3ANXz_zk/edit,,compiled by Higinio Vazquez Santa Ana
Corrido de la Muerte de Emiliano Zapata,,"Tlaltizapan, Mexico; Cuautla, Mexico",,Mexico,,"Warman, E.",https://babel.hathitrust.org/cgi/pt?id=inu.30000005354141&view=1up&seq=1&q1=higinio,1926,https://docs.google.com/document/d/1Rbqgv88sftPne1mCFF3tPr9S8bF5pUvRgSrrs22Tcps/edit,,compiled by Higinio Vazquez Santa Ana
Corrido de Venustiano Carranza,,"Tlaxcalantongo, Mexico; Coahuila, Mexico; Sierra de Puebla, Mexico; Juarez, Mexico; Huauchinango, Mexico; Veracruz, Mexico; San Marcos, Mexico",,Mexico,"May 21, 1920","Vazquez Santa Ana, Higinio",https://babel.hathitrust.org/cgi/pt?id=inu.30000005354141&view=1up&seq=1&q1=higinio,1926,https://docs.google.com/document/d/17nnMOWuR6nuFbbckZ_-iORRVXoQhG5PQ2ohzTT2Ld7o/edit,,compiled by Higinio Vazquez Santa Ana
Corrido de la Muerte de Francisco Villa,,"Hidalgo del Parral, Mexico; Torreon, Mexico; Guanajuato, Mexico; Santa Barbara, Mexico",,Mexico,,"Martinez, Ezequil",https://babel.hathitrust.org/cgi/pt?id=inu.30000005354141&view=1up&seq=1&q1=higinio,1926,https://docs.google.com/document/d/1_Uo_XWFAVsWMDc-u88BQhDAh4qkHogv5NhgqlUq3uUc/edit,,compiled by Higinio Vazquez Santa Ana
Corrido de la Batalla de Otoclan,,"Otoclan, Mexico; Tapatia (Guadalajara), Mexico; El Rió Lerma, Mexico; Poncitclan, Mexico; Palo Verde, Mexico",,Mexico,,"Vazquez Santa Ana, Higinio",https://babel.hathitrust.org/cgi/pt?id=inu.30000005354141&view=1up&seq=1&q1=higinio,1926,https://docs.google.com/document/d/11-0QoyuW8eyI8dgZ9GaXehxIsz0jIj89DghO3K47oQs/edit,,compiled by Higinio Vazquez Santa Ana
Corrido de Vargas Vila,,Columbia; Mexico; America (United States),,Mexico,,"Vazquez Santa Ana, Higinio",https://babel.hathitrust.org/cgi/pt?id=inu.30000005354141&view=1up&seq=1&q1=higinio,1926,https://docs.google.com/document/d/10eutLpDgXZs92of06YV4p4oEAnFBPhDOdpyvXDAu_O0/edit,,compiled by Higinio Vazquez Santa Ana
Corrido del Estad de Guerrero,,"Guerrero, Mexico; Acatempan, Mexico; Ayutla, Mexico",,Mexico,,"Vazquez Santa Ana, Higinio",https://babel.hathitrust.org/cgi/pt?id=inu.30000005354141&view=1up&seq=1&q1=higinio,1926,https://docs.google.com/document/d/1G5KqidFsP9uAtECZPCalHCtCgnhc68kX34rO55rg18I/edit,,compiled by Higinio Vazquez Santa Ana
Corrido de mi Negrita,Profesora doña Carmen García Granados,,"Morelia, Mexico",Mexico,1860,Profesora doña Carmen García Granados,https://babel.hathitrust.org/cgi/pt?id=inu.30000005354141&view=1up&seq=1&q1=higinio,1926,https://docs.google.com/document/d/1nhqtayBXtu0CpspKxzei_wbO40DqPXRLwAzYto-k3EU/edit,,compiled by Higinio Vazquez Santa Ana
Corrido del Emperador Maximiliano,,"Cerro de las Campanas, Queretero, Mexico",,Mexico,,"Vazquez Santa Ana, Higinio",https://babel.hathitrust.org/cgi/pt?id=inu.30000005354141&view=1up&seq=1&q1=higinio,1926,https://docs.google.com/document/d/1Rdnx230OWrYc7xuJb-YUP015NKz5Z1mv6jmpSsnEVvE/edit,,compiled by Higinio Vazquez Santa Ana
Corrido de Simon Gutierrez,,"Jalisco, Mexico; Sierra de Tapalma, Mexico; Sierra del Tigre, Mexico; Vallarta, Mexico; Corona, Mexico",,Mexico,,"Vazquez Santa Ana, Higinio",https://babel.hathitrust.org/cgi/pt?id=inu.30000005354141&view=1up&seq=1&q1=higinio,1926,https://docs.google.com/document/d/1k6lyXyqBwSQqkhsHZla8I79-lT6fD9d2DCFpK_aYIck/edit,,compiled by Higinio Vazquez Santa Ana
Valona de la Republica Mexicana,,"Portal de Flores, Mexico City, Mexico; Zocalo, Mexico City, Mexico; Palacio Nacional, Mexico City, Mexico; Monte de Piedad, Mexico City, Mexico; El Panteón, Mexico City, Mexico; Barrio del Niño Perdido, Mexico City, Mexico; calle Regina, Mexico City, Mexico; calle del ave Maria, Mexico City, Mexico; Church of Soledad, Mexico City, Mexico; estacion Morelos, Mexico City, Mexico; La Palma, Mexico City, Mexico",,Mexico,,"Vazquez Santa Ana, Higinio",https://babel.hathitrust.org/cgi/pt?id=inu.30000005354141&view=1up&seq=1&q1=higinio,1926,https://docs.google.com/document/d/1DPgo2CQ_02ikTkM8Tnah0mb2MHA22JZewCOocef9E7A/edit,,compiled by Higinio Vazquez Santa Ana
Corrido de Chucho el Roto,,,,Mexico,,"Vazquez Santa Ana, Higinio",https://babel.hathitrust.org/cgi/pt?id=inu.30000005354141&view=1up&seq=1&q1=higinio,1926,https://docs.google.com/document/d/1-qIUsesaWDKWVrN9P0ypgFmgEWUlNiCUIihLqUw6bc8/edit,,compiled by Higinio Vazquez Santa Ana
Corrido de Rodolfo Gaona,,"Plaza del Toreo, Mexico; Guanajuato, Mexico",,Mexico,,"Vazquez Santa Ana, Higinio",https://babel.hathitrust.org/cgi/pt?id=inu.30000005354141&view=1up&seq=1&q1=higinio,1926,https://docs.google.com/document/d/17Ogg44QVeJCdXlxmRvTVDFbhzTo-ldhMFq9CRfV7oHE/edit,,compiled by Higinio Vazquez Santa Ana
Corrido de Demetrio Jauregui,"Martínez, Eulalio","Rancho el Carricillo, Jalisco, Mexico; Jalisco, Mexico",,Mexico,,"Vazquez Santa Ana, Higinio",https://babel.hathitrust.org/cgi/pt?id=inu.30000005354141&view=1up&seq=1&q1=higinio,1926,https://docs.google.com/document/d/1-1bA6CCLK1qdAHvDn2oSv9Tr-RoJCPtgn21ShAyOPJ0/edit,,compiled by Higinio Vazquez Santa Ana
Corrido de Carlos IV,,,,Mexico,1808,"Vázquez Santa Ana, Higinio",https://hdl.handle.net/2027/mdp.39015024856752,1925,https://docs.google.com/document/d/1Coo76thxsIhkaO7YVhPoFnju_mLQt0DtYRc_lI22SpA/edit?usp=sharing,,Collected by Higinio Vázquez Santa Ana (vol 2)
Corrido o Marcha Guererra el Yanqui Invasor,,,,Mexico,1879,"Vázquez Santa Ana, Higinio",https://hdl.handle.net/2027/mdp.39015024856752,1925,https://docs.google.com/document/d/1yKdjcKn-xQJ3ZNmdfhYtwBebk11jbJ5PJFBFsJy-2H0/edit?usp=sharing,,Collected by Higinio Vázquez Santa Ana (vol 2)
Corrido de Maximiliano,,"Cerro de las Campanas, Queretero, Mexico; Arteaga, Mexico; Queretero, Mexico",,Mexico,1867,"Vázquez Santa Ana, Higinio",https://hdl.handle.net/2027/mdp.39015024856752,1925,https://docs.google.com/document/d/1kt5Rr_wP8dCMDcxAGlLU9exK-kZ4eJiZ4YLL7I884_E/edit?usp=sharing,,Collected by Higinio Vázquez Santa Ana (vol 2)
Corrido de Santanon,,"Veracruz, Mexico","Durango, Mexico; Veracruz, Mexico",Mexico,1918,"Vázquez Santa Ana, Higinio",https://hdl.handle.net/2027/mdp.39015024856752,1925,https://docs.google.com/document/d/1ex3e0is5Y3Tnflu0j-sZChK9taC9VxWiRIC9Kf2uw-8/edit?usp=sharing,,Gríjalva named as composer in the final stanza; collected by Higinio Vázquez Santa Ana (vol 2)
Corrido de los Pelones o los Rateros de Mexico,,,,Mexico,,"Vázquez Santa Ana, Higinio",https://hdl.handle.net/2027/mdp.39015024856752,1925,https://docs.google.com/document/d/1KU3ftJVS3ZP0AJ-e2KWb3qq4Yhk1YSemEziQs5X9luo/edit,,Collected by Higinio Vázquez Santa Ana (vol 2)
Corrido del General Francisco Tolentino,"Aldama, Ignacio; Pintado, José",,"Guadalajara, Mexico",Mexico,,"Vázquez Santa Ana, Higinio",https://hdl.handle.net/2027/mdp.39015024856752,1925,https://docs.google.com/document/d/1UDTUYmd7EZ_4k1C2gCJWDRQtmWXL5bwSuWzzU3qVu4U/edit?usp=sharing,,Collected by Higinio Vázquez Santa Ana (vol 2)
Corrido de Barbas de Oro,,,,Mexico,,"Vázquez Santa Ana, Higinio",https://hdl.handle.net/2027/mdp.39015024856752,1925,https://docs.google.com/document/d/1JmEIwxURYqa7Uzx7wz1qXEyEy84gjlkiyBX-MgeRumw/edit?usp=sharing,,Collected by Higinio Vázquez Santa Ana (vol 2)
Corrido de los Lagartijos,"Cueto, Dámaso; Robles, Tomás",,,Mexico,ca. 1885,"Vázquez Santa Ana, Higinio",https://hdl.handle.net/2027/mdp.39015024856752,1925,https://docs.google.com/document/d/1f5JOljTKa3JJGXvwEFtoT3N2w_JTTMK91mQyDgBxdRI/edit?usp=sharing,,"Collected by Higinio Vázquez Santa Ana (vol 2); published in various editions by ""la casa de Vanegas Arroyo"""
Corrido de Rafaela,,"Apazingo (Apatzingan), Mexico; La Ladrillera, Mexico; Dolores, Mexico",,Mexico,,"Vázquez Santa Ana, Higinio",https://hdl.handle.net/2027/mdp.39015024856752,1925,https://docs.google.com/document/d/19gfP0j-382AUGt_zfACeXpF41DJpiPSHoIqqwpXAwRA/edit?usp=sharing,,Collected by Higinio Vázquez Santa Ana (vol 2)
Corrido del Indio,,"Guadalajara, Mexico",,Mexico,,"Vázquez Santa Ana, Higinio",https://hdl.handle.net/2027/mdp.39015024856752,1925,https://docs.google.com/document/d/1VKnBx2--hzoQ4SiaphHIBTSGSqtE3wKgb9FAfrWkNe8/edit?usp=sharing,,Collected by Higinio Vázquez Santa Ana (vol 2)
Corrido de Guanajuato,,"Guanajuato, Mexico; Tepeji, Mexico",,Mexico,,"Vázquez Santa Ana, Higinio",https://hdl.handle.net/2027/mdp.39015024856752,1925,https://docs.google.com/document/d/1v5jQfU79BIZmZvYnV9wHBqsXJ_Gpd7uQ5XflnPi5hKA/edit?usp=sharing,,Collected by Higinio Vázquez Santa Ana (vol 2)
Corrido de Modesta,,"Iguala, Mexico; Tetecala, Mexico; Modesta Ayala, Tetecala, Mexico;  Guerrero, Mexico;  Teloloapan, Mexico",,Mexico,,"Vázquez Santa Ana, Higinio",https://hdl.handle.net/2027/mdp.39015024856752,1925,https://docs.google.com/document/d/13QK13-Z5fNxe6aN5b5rx6OI-Tvgi67EvLRpwUw26e_s/edit?usp=sharing,,Collected by Higinio Vázquez Santa Ana (vol 2)
Corrido del Enamorado,,,,Mexico,,"Vázquez Santa Ana, Higinio",https://hdl.handle.net/2027/mdp.39015024856752,1925,https://docs.google.com/document/d/1PERqVrx6Rla4LMcGxgJBBUqOQ8pDF5lo70KW8SZTAEM/edit?usp=sharing,,Collected by Higinio Vázquez Santa Ana (vol 2)
Corrido de los Parranderos,,,,Mexico,,"Vázquez Santa Ana, Higinio",https://hdl.handle.net/2027/mdp.39015024856752,1925,https://docs.google.com/document/d/1x4wUSO9H-Oxxktg2up-I4E3jizAnyt3GLzU1SVZ5cgU/edit?usp=sharing,,Collected by Higinio Vázquez Santa Ana (vol 2)
Corrido del Negro de Oro,,"Oaxaca, Mexico",,Mexico,,"Vázquez Santa Ana, Higinio",https://hdl.handle.net/2027/mdp.39015024856752,1925,https://docs.google.com/document/d/1qaQF674FcOeD1H9SYNuehaBPVWuF6LhC1Y4y0KaoOGY/edit?usp=sharing,,Collected by Higinio Vázquez Santa Ana (vol 2)
Corrido de Oaxaca de Juarez,,"Oaxaca, Mexico; Temple of Santo Domingo, Oaxaca, Mexico; Netzahualcóyolt, Oaxaca, Mexico; Plaza del Mercado, Oaxaca, Mexico; Benito Juarez monument, Oaxaca, Mexico; playa de Santa Maria, Oaxaca, Mexico; La Soledad, Oaxaca, Mexico; Santa Maria del Marquesado, Oaxaca, Mexico ",,Mexico,,"Vázquez Santa Ana, Higinio",https://hdl.handle.net/2027/mdp.39015024856752,1925,https://docs.google.com/document/d/10_j44vz7FIu42Tr7snN7-ECPPGt-V6OOPT-RvfGgUdw/edit?usp=sharing,,Collected by Higinio Vázquez Santa Ana (vol 2)
Corrido de los Rurales,,,,Mexico,,"Vázquez Santa Ana, Higinio",https://hdl.handle.net/2027/mdp.39015024856752,1925,https://docs.google.com/document/d/1d9y3_6l3UP7FGUaVrfFSgfzeEOGNbbleUzBQi43wStI/edit?usp=sharing,,Collected by Higinio Vázquez Santa Ana (vol 2)
Corrido de Don Esteban Bravo,,"Irapuato, Mexico; Curadero, Mexico",,Mexico,,"Vázquez Santa Ana, Higinio",https://hdl.handle.net/2027/mdp.39015024856752,1925,https://docs.google.com/document/d/1XIESDyKuxQhtzp-NxvNasQqKezAmScbLozgr1nfh1G4/edit?usp=sharing,,Collected by Higinio Vázquez Santa Ana (vol 2)
Corrido del Congreso Constituyente de Queretaro,,"Queretaro, Mexico",,Mexico,,"Vázquez Santa Ana, Higinio",https://hdl.handle.net/2027/mdp.39015024856752,1925,https://docs.google.com/document/d/1T3NM2fmzD9_YNTIUHJ-ZeMn-QsIuE8OgjFt8JN8ml20/edit?usp=sharing,,Collected by Higinio Vázquez Santa Ana (vol 2)
Bola del Veinte de Julio,,"Cacalutla, Guerrera, Mexico",,Mexico,,"Vázquez Santa Ana, Higinio",https://hdl.handle.net/2027/mdp.39015024856752,1925,https://docs.google.com/document/d/1M-x5vQl56vGKgRLamTFUMUD86_yY0cUACVyIHGFH1tk/edit?usp=sharing,,Collected by Higinio Vázquez Santa Ana (vol 2)
Corrido de Cuca Mendoza,,"San Antonio, Mexico; Moroleón, Mexico",,Mexico,,"Vázquez Santa Ana, Higinio",https://hdl.handle.net/2027/mdp.39015024856752,1925,https://docs.google.com/document/d/1uPA1xSjEwt7U7xeV_YPwdwESRgSjtZyomRtOSS5Irto/edit?usp=sharing,,Collected by Higinio Vázquez Santa Ana (vol 2)
Corrido de Soy de Rancho,,,,Mexico,,"Vázquez Santa Ana, Higinio",https://hdl.handle.net/2027/mdp.39015024856752,1925,https://docs.google.com/document/d/1IgmrHWuBOtuW3TuOX7rB9x5K3IVt8w9bCEJvxFMmUuk/edit?usp=sharing,,Collected by Higinio Vázquez Santa Ana (vol 2)
Corrido de Valente Torres,,"San Juan del Rio, Mexico; Villa de Rosales, Mexico; Puebla, Mexico","Salitrillo, Guanajato, Mexico",Mexico,,"Vázquez Santa Ana, Higinio",https://hdl.handle.net/2027/mdp.39015024856752,1925,https://docs.google.com/document/d/1IUm-pkkdjY7CFc1W3vHUqlvWr5z8qawrKerCrdEKKJM/edit?usp=sharing,,Collected by Higinio Vázquez Santa Ana (vol 2)
Corrido de Juan R. Escudero,,"Acapulco, Mexico; San Luis, Mexico; Cacalutla, Mexico; Aguacatillo, Mexico",,Mexico,,"Vázquez Santa Ana, Higinio",https://hdl.handle.net/2027/mdp.39015024856752,1925,https://docs.google.com/document/d/1-eI-JZ5XEDUP-i6DPj9I6ANgM7byj-sH_dOsKm3Y8v4/edit?usp=sharing,,Collected by Higinio Vázquez Santa Ana (vol 2)
Corrido de Severo Isidor,,,,Mexico,,"Vázquez Santa Ana, Higinio",https://hdl.handle.net/2027/mdp.39015024856752,1925,https://docs.google.com/document/d/1Pq4F0XgCslLKNedMF2TnUe_0zTz6YNY5bLLhzAEHgaM/edit?usp=sharing,,Collected by Higinio Vázquez Santa Ana (vol 2)
Bola,,,,Mexico,,"Vázquez Santa Ana, Higinio",https://hdl.handle.net/2027/mdp.39015024856752,1925,https://docs.google.com/document/d/1N4MKm139wnoz5Xhpa4yJpzKFiAqMKOAdUhpPWH1NDVM/edit?usp=sharing,,Collected by Higinio Vázquez Santa Ana (vol 2)
Corrido del Estado de Morelos,,"Morelos, Mexico; Zacualpa, Mexico; Atenco, Mexico; Durango, Mexico",,Mexico,,"Vázquez Santa Ana, Higinio",https://hdl.handle.net/2027/mdp.39015024856752,1925,https://docs.google.com/document/d/1zjGA9LUq3f8BpZ6sWbnPS8IxeloFRMmUxL5dI8i_CQQ/edit?usp=sharing,,
Corrido del Rio Balsas,,"Rio Balsas, Mexico",,Mexico,,"Vázquez Santa Ana, Higinio",https://hdl.handle.net/2027/mdp.39015024856752,1925,https://docs.google.com/document/d/1Ci-oCQ3l3Cg4xumlHKBijiooNqncGyvzlOtv2EsWmDs/edit?usp=sharing,,
Corrido Popular,,"Guerrero, Mexico",,Mexico,,"Vázquez Santa Ana, Higinio",https://hdl.handle.net/2027/mdp.39015024856752,1925,https://docs.google.com/document/d/1QdznHyQL7K52_1pzcvpLvNaeDGlsF67EmxAy3PBbz68/edit?usp=sharing,,
Corrido de los Tempos Pasados,,,,Mexico,,"Vázquez Santa Ana, Higinio",https://hdl.handle.net/2027/mdp.39015024856752,1925,https://docs.google.com/document/d/1OVBFCUnbP54b9H5wontytC4EgVRc9wKetNjv7ylvA84/edit?usp=sharing,,
Corrido de la Gata,,"Zocalo, Mexico City, Mexico; Amacueca, Mexico",,Mexico,,"Vázquez Santa Ana, Higinio",https://hdl.handle.net/2027/mdp.39015024856752,1925,https://docs.google.com/document/d/1jKpEvcgykoEeBFisXuKuaGnmFMKurUiCd_2r6noo3O0/edit?usp=sharing,,
Corrido Vacilador,,"León, Mexico; Borlote, Mexico; Parian, Mexico",,Mexico,,"Vázquez Santa Ana, Higinio",https://hdl.handle.net/2027/mdp.39015024856752,1925,https://docs.google.com/document/d/1QWFIJeR4DdBFJuETWr6OAyZZiPDBf0wOEGuBHvQCC00/edit?usp=sharing,,
Corrido de la Luz Electrica,,"Zocalo, Mexico City, Mexico; Plaza de Santo Domingo, Mexico City, Mexico; Alameda, Mexico City, Mexico; Plateros, Mexico; Plaza de San Juan, Mexico City, Mexico",,Mexico,,"Vázquez Santa Ana, Higinio",https://hdl.handle.net/2027/mdp.39015024856752,1925,https://docs.google.com/document/d/16afiCnyqeLtZdEQjqFmzWI7-IMctp3T875PO-BMqAVk/edit?usp=sharing,,
Corrido de los Arcos Triunfales en Mexico,,"Plateros, Mexico City, Mexico; Tabasco, Mexico; Calle Mercaderes, Mexico City, Mexico; Yucatán, Mexico; Puebla, Mexico; Oaxaca, Mexico; Morelos, Mexico; Arriba, Mexico; Mitla, Oaxaca, Mexico; Ferrocarril del Valle, Mexico City, Mexico; monte Popocatepetl, Mexico",,Mexico,,"Vázquez Santa Ana, Higinio",https://hdl.handle.net/2027/mdp.39015024856752,1925,https://docs.google.com/document/d/1G8CQjzGH3izzt-EnkSfhixEc0wGFcVII3e13KVzxMl0/edit?usp=sharing,,
Corrido de la China,,"Plaza de San Juan, Mexico City, Mexico",,Mexico,,"Vázquez Santa Ana, Higinio",https://hdl.handle.net/2027/mdp.39015024856752,1925,https://docs.google.com/document/d/1jspthU9p9YeKjVATXxvlDGlt-fB1pCgug9bF5jO4TMI/edit?usp=sharing,,
Corrido de los Trenes Electricos,,"Mexico City, Mexico; Chapultatec, Mexico City, Mexico",,Mexico,ca. 1900,"Vázquez Santa Ana, Higinio",https://hdl.handle.net/2027/mdp.39015024856752,1925,https://docs.google.com/document/d/14xg8jH9KTG42BuCbVvpfODysTWGE48Om-MKJ6fqX7ic/edit?usp=sharing,,
Corrido de los Casados,,,,Mexico,,"Vázquez Santa Ana, Higinio",https://hdl.handle.net/2027/mdp.39015024856752,1925,https://docs.google.com/document/d/1QKgyc7KSvd5M9xQk0jWrNj3fTzlFz49_FplcIyvr0CU/edit?usp=sharing,,
Corrido de las Pesetas,,,,Mexico,,"Vázquez Santa Ana, Higinio",https://hdl.handle.net/2027/mdp.39015024856752,1925,https://docs.google.com/document/d/1oEs3sq8KtIbCg8WNv8rajLayZFh03BqNgI3WRteeqGQ/edit?usp=sharing,,
Corrido de la Despedida de los Tlacos,,,,Mexico,,"Vázquez Santa Ana, Higinio",https://hdl.handle.net/2027/mdp.39015024856752,1925,https://docs.google.com/document/d/1BBuuV8cz7GGNGXmGq-mUGQ-1QX0gQ_5dhmM8MXA770E/edit?usp=sharing,,
A los Animales,,,,Mexico,,"Vázquez Santa Ana, Higinio",https://hdl.handle.net/2027/mdp.39015024856752,1925,https://docs.google.com/document/d/1pXraW5F1cgqK0Bbz2I5G-gh0RJXRYmCKN96fcufqsC0/edit?usp=sharing,,
Corrido de la Batalla de Ocotlan (Parodia de la Casita),,"Ocotlán, Mexico; Panzacola, Mexico; Puebla, Mexico",,Mexico,,"Vázquez Santa Ana, Higinio",https://hdl.handle.net/2027/mdp.39015024856752,1925,https://docs.google.com/document/d/1sPZCjGvpkq0dnNRaSIwJM8RyGF-0-movNpVQE5FtaXY/edit?usp=sharing,,Collected by Higinio Vázquez Santa Ana (vol 2)
Corrido de Macario Romero,,,,Mexico,,"Vázquez Santa Ana, Higinio",https://hdl.handle.net/2027/mdp.39015024856752,1925,https://docs.google.com/document/d/1FQ8-Rq6eNJVc_iylCtsD-T0YWE34m25l_4-QWPaZwB0/edit?usp=sharing,,Collected by Higinio Vázquez Santa Ana (vol 2)